Workbook

Sheet Summary
A1: Day 3: Prompt-only JSON vs Structured Outputs
A2: claude-haiku-4-5, temperature 0, 20 synthetic change-request FAQs (run Sun Oct 4, 2026). All metrics are formulas over the Per Question tab.
A4: Metric | B4: Prompt only | C4: Schema (structured outputs) | D4: Schema vs prompt
A5: Questions | B5: =COUNTIF('Per Question'!$A$2:$A$41,"prompt") -> 20 | C5: =COUNTIF('Per Question'!$A$2:$A$41,"schema") -> 20
A6: Valid JSON | B6: =COUNTIFS('Per Question'!$A$2:$A$41,"prompt",'Per Question'!$G$2:$G$41,TRUE()) -> 1 | C6: =COUNTIFS('Per Question'!$A$2:$A$41,"schema",'Per Question'!$G$2:$G$41,TRUE()) -> 20 | D6: =C6-B6 -> 19
A7: Valid JSON % | B7: =B6/B5 -> 0.05 | C7: =C6/C5 -> 1 | D7: =C7-B7 -> 0.95
A8: Correct | B8: =COUNTIFS('Per Question'!$A$2:$A$41,"prompt",'Per Question'!$H$2:$H$41,TRUE()) -> 1 | C8: =COUNTIFS('Per Question'!$A$2:$A$41,"schema",'Per Question'!$H$2:$H$41,TRUE()) -> 20 | D8: =C8-B8 -> 19
A9: Accuracy % | B9: =B8/B5 -> 0.05 | C9: =C8/C5 -> 1 | D9: =C9-B9 -> 0.95
A10: Total input tokens | B10: =SUMIFS('Per Question'!$I$2:$I$41,'Per Question'!$A$2:$A$41,"prompt") -> 5755 | C10: =SUMIFS('Per Question'!$I$2:$I$41,'Per Question'!$A$2:$A$41,"schema") -> 10475 | D10: =IFERROR(C10/B10-1,"") -> 0.82015639
A11: Total output tokens | B11: =SUMIFS('Per Question'!$J$2:$J$41,'Per Question'!$A$2:$A$41,"prompt") -> 1033 | C11: =SUMIFS('Per Question'!$J$2:$J$41,'Per Question'!$A$2:$A$41,"schema") -> 1004 | D11: =IFERROR(C11/B11-1,"") -> -0.028073572
A12: Input tokens per question | B12: =B10/B5 -> 287.75 | C12: =C10/C5 -> 523.75 | D12: =IFERROR(C12/B12-1,"") -> 0.82015639
A13: Output tokens per question | B13: =B11/B5 -> 51.65 | C13: =C11/C5 -> 50.2 | D13: =IFERROR(C13/B13-1,"") -> -0.028073572
A14: Total cost ($) | B14: =SUMIFS('Per Question'!$L$2:$L$41,'Per Question'!$A$2:$A$41,"prompt") -> 0.01092 | C14: =SUMIFS('Per Question'!$L$2:$L$41,'Per Question'!$A$2:$A$41,"schema") -> 0.015495 | D14: =IFERROR(C14/B14-1,"") -> 0.41895604
A15: Cost per question ($) | B15: =B14/B5 -> 0.000546 | C15: =C14/C5 -> 0.00077475 | D15: =IFERROR(C15/B15-1,"") -> 0.41895604
A16: Avg latency (ms) | B16: =AVERAGEIFS('Per Question'!$K$2:$K$41,'Per Question'!$A$2:$A$41,"prompt") -> 914.15 | C16: =AVERAGEIFS('Per Question'!$K$2:$K$41,'Per Question'!$A$2:$A$41,"schema") -> 1203 | D16: =IFERROR(C16/B16-1,"") -> 0.31597659
A17: First-call latency (ms) | B17: =INDEX('Per Question'!$K$2:$K$41,MATCH("prompt",'Per Question'!$A$2:$A$41,0)) -> 1183 | C17: =INDEX('Per Question'!$K$2:$K$41,MATCH("schema",'Per Question'!$A$2:$A$41,0)) -> 1926 | D17: =IFERROR(C17/B17-1,"") -> 0.62806424
A18: Avg confidence (correct only) | B18: =IFERROR(AVERAGEIFS('Per Question'!$F$2:$F$41,'Per Question'!$A$2:$A$41,"prompt",'Per Question'!$H$2:$H$41,TRUE()),"n/a") -> 0.95 | C18: =IFERROR(AVERAGEIFS('Per Question'!$F$2:$F$41,'Per Question'!$A$2:$A$41,"schema",'Per Question'!$H$2:$H$41,TRUE()),"n/a") -> 0.9375
A19: Daily cost at volume below ($) | B19: =B15*$B$22 -> 5.46 | C19: =C15*$B$22 -> 7.7475 | D19: =IFERROR(C19/B19-1,"") -> 0.41895604
A21: Assumption
A22: Questions per day (scenario) | B22: 10000
A23: Prices: Haiku 4.5 at $1.00 input / $5.00 output per million tokens (constants in classify.py; verify against current pricing). Cost column comes from the script, not recomputed here.

Sheet Per Question
A1: Mode | B1: ID | C1: Question | D1: Expected | E1: Predicted | F1: Confidence | G1: Valid JSON | H1: Correct | I1: Input tokens | J1: Output tokens | K1: Latency (ms) | L1: Cost ($)
A2: prompt | B2: faq-01 | C2: What are the different types of change we can raise, and how do I pick the right one? | D2: change_types | E2: INVALID | F2: 0 | G2: =FALSE() -> FALSE | H2: =FALSE() -> FALSE | I2: 291 | J2: 50 | K2: 1183 | L2: 0.000541
A3: prompt | B3: faq-02 | C3: wat counts as a standrad change?? | D3: change_types | E3: INVALID | F3: 0 | G3: =FALSE() -> FALSE | H3: =FALSE() -> FALSE | I3: 279 | J3: 50 | K3: 1005 | L3: 0.000529
A4: prompt | B4: faq-03 | C4: Is a routine SIM provisioning template refresh a pre-approved change or a normal one? | D4: change_types | E4: INVALID | F4: 0 | G4: =FALSE() -> FALSE | H4: =FALSE() -> FALSE | I4: 290 | J4: 59 | K4: 971 | L4: 0.000585
A5: prompt | B5: faq-04 | C5: How many working days in advance must a normal change be submitted for a core network window? | D5: lead_time_scheduling | E5: INVALID | F5: 0 | G5: =FALSE() -> FALSE | H5: =FALSE() -> FALSE | I5: 289 | J5: 48 | K5: 918 | L5: 0.000529
A6: prompt | B6: faq-05 | C6: can i get this into tonights maintenance window if i raise it this afternoon | D6: lead_time_scheduling | E6: INVALID | F6: 0 | G6: =FALSE() -> FALSE | H6: =FALSE() -> FALSE | I6: 286 | J6: 57 | K6: 1057 | L6: 0.000571
A7: prompt | B7: faq-06 | C7: When does the CAB meet each week, and what is the cutoff for getting my change on the agenda? | D7: cab_approval | E7: INVALID | F7: 0 | G7: =FALSE() -> FALSE | H7: =FALSE() -> FALSE | I7: 294 | J7: 44 | K7: 745 | L7: 0.000514
A8: prompt | B8: faq-07 | C8: Who has to sign off on a change before it goes to CAB? | D8: cab_approval | E8: INVALID | F8: 0 | G8: =FALSE() -> FALSE | H8: =FALSE() -> FALSE | I8: 286 | J8: 56 | K8: 1040 | L8: 0.000566
A9: prompt | B9: faq-08 | C9: do ALL changes need cab approval or only the risky ones? | D9: cab_approval | E9: INVALID | F9: 0 | G9: =FALSE() -> FALSE | H9: =FALSE() -> FALSE | I9: 284 | J9: 51 | K9: 923 | L9: 0.000539
A10: prompt | B10: faq-09 | C10: How do I raise an emergency change while a P1 outage is still in progress? | D10: emergency_change | E10: INVALID | F10: 0 | G10: =FALSE() -> FALSE | H10: =FALSE() -> FALSE | I10: 290 | J10: 47 | K10: 831 | L10: 0.000525
A11: prompt | B11: faq-10 | C11: who can approve an emergency change at 3am on a sunday, we cant reach the usual people | D11: emergency_change | E11: INVALID | F11: 0 | G11: =FALSE() -> FALSE | H11: =FALSE() -> FALSE | I11: 291 | J11: 48 | K11: 959 | L11: 0.000531
A12: prompt | B12: faq-11 | C12: When is the next change freeze, and which systems does it cover? | D12: freeze_blackout | E12: INVALID | F12: 0 | G12: =FALSE() -> FALSE | H12: =FALSE() -> FALSE | I12: 285 | J12: 54 | K12: 782 | L12: 0.000555
A13: prompt | B13: faq-12 | C13: Are there any exceptions to the holiday blackout period for RAN software upgrades? | D13: freeze_blackout | E13: INVALID | F13: 0 | G13: =FALSE() -> FALSE | H13: =FALSE() -> FALSE | I13: 288 | J13: 52 | K13: 832 | L13: 0.000548
... A15: prompt | B15: faq-14 | C15: How do we decide between rolling back and fixing forward when a change goes wrong mid-window? | D15: rollback_backout | E15: INVALID | F15: 0 | G15: =FALSE() -> FALSE | H15: =FALSE() -> FALSE | I15: 290 | J15: 51 | K15: 832 | L15: 0.000545
A16: prompt | B16: faq-15 | C16: Where do I find the latest change request template? | D16: documentation_templates | E16: documentation_templates | F16: 0.95 | G16: =TRUE() -> TRUE | H16: =TRUE() -> TRUE | I16: 281 | J16: 45 | K16: 832 | L16: 0.000506
A17: prompt | B17: faq-16 | C17: whcih fields are mandatory on the CR form? my submission keeps bouncing back | D17: documentation_templates | E17: INVALID | F17: 0 | G17: =FALSE() -> FALSE | H17: =FALSE() -> FALSE | I17: 288 | J17: 52 | K17: 879 | L17: 0.000548
A18: prompt | B18: faq-17 | C18: My payroll shows the wrong overtime hours for last month. Who do I contact to fix it? | D18: out_of_scope | E18: INVALID | F18: 0 | G18: =FALSE() -> FALSE | H18: =FALSE() -> FALSE | I18: 291 | J18: 51 | K18: 1001 | L18: 0.000546
A19: prompt | B19: faq-18 | C19: how do i reset my email password, it says its expired | D19: out_of_scope | E19: INVALID | F19: 0 | G19: =FALSE() -> FALSE | H19: =FALSE() -> FALSE | I19: 283 | J19: 48 | K19: 852 | L19: 0.000523
A20: prompt | B20: faq-19 | C20: We found a billing defect and need to push an urgent fix during the freeze. What approvals do we need? | D20: emergency_change | E20: INVALID | F20: 0 | G20: =FALSE() -> FALSE | H20: =FALSE() -> FALSE | I20: 295 | J20: 50 | K20: 787 | L20: 0.000545
A21: prompt | B21: faq-20 | C21: Do I need a rollback plan to get a standard change through CAB? | D21: rollback_backout | E21: INVALID | F21: 0 | G21: =FALSE() -> FALSE | H21: =FALSE() -> FALSE | I21: 287 | J21: 64 | K21: 972 | L21: 0.000607
A22: schema | B22: faq-01 | C22: What are the different types of change we can raise, and how do I pick the right one? | D22: change_types | E22: change_types | F22: 0.95 | G22: =TRUE() -> TRUE | H22: =TRUE() -> TRUE | I22: 527 | J22: 46 | K22: 1926 | L22: 0.000757
A23: schema | B23: faq-02 | C23: wat counts as a standrad change?? | D23: change_types | E23: change_types | F23: 0.95 | G23: =TRUE() -> TRUE | H23: =TRUE() -> TRUE | I23: 515 | J23: 45 | K23: 946 | L23: 0.00074
A24: schema | B24: faq-03 | C24: Is a routine SIM provisioning template refresh a pre-approved change or a normal one? | D24: change_types | E24: change_types | F24: 0.85 | G24: =TRUE() -> TRUE | H24: =TRUE() -> TRUE | I24: 526 | J24: 69 | K24: 1789 | L24: 0.000871
A25: schema | B25: faq-04 | C25: How many working days in advance must a normal change be submitted for a core network window? | D25: lead_time_scheduling | E25: lead_time_scheduling | F25: 0.95 | G25: =TRUE() -> TRUE | H25: =TRUE() -> TRUE | I25: 525 | J25: 53 | K25: 1017 | L25: 0.00079
A26: schema | B26: faq-05 | C26: can i get this into tonights maintenance window if i raise it this afternoon | D26: lead_time_scheduling | E26: lead_time_scheduling | F26: 0.95 | G26: =TRUE() -> TRUE | H26: =TRUE() -> TRUE | I26: 522 | J26: 55 | K26: 1107 | L26: 0.000797
A27: schema | B27: faq-06 | C27: When does the CAB meet each week, and what is the cutoff for getting my change on the agenda? | D27: cab_approval | E27: cab_approval | F27: 0.95 | G27: =TRUE() -> TRUE | H27: =TRUE() -> TRUE | I27: 530 | J27: 49 | K27: 1493 | L27: 0.000775
A28: schema | B28: faq-07 | C28: Who has to sign off on a change before it goes to CAB? | D28: cab_approval | E28: cab_approval | F28: 0.85 | G28: =TRUE() -> TRUE | H28: =TRUE() -> TRUE | I28: 522 | J28: 51 | K28: 975 | L28: 0.000777
A29: schema | B29: faq-08 | C29: do ALL changes need cab approval or only the risky ones? | D29: cab_approval | E29: cab_approval | F29: 0.95 | G29: =TRUE() -> TRUE | H29: =TRUE() -> TRUE | I29: 520 | J29: 50 | K29: 916 | L29: 0.00077
A30: schema | B30: faq-09 | C30: How do I raise an emergency change while a P1 outage is still in progress? | D30: emergency_change | E30: emergency_change | F30: 0.95 | G30: =TRUE() -> TRUE | H30: =TRUE() -> TRUE | I30: 526 | J30: 51 | K30: 1466 | L30: 0.000781
A31: schema | B31: faq-10 | C31: who can approve an emergency change at 3am on a sunday, we cant reach the usual people | D31: emergency_change | E31: emergency_change | F31: 0.95 | G31: =TRUE() -> TRUE | H31: =TRUE() -> TRUE | I31: 527 | J31: 43 | K31: 971 | L31: 0.000742
A32: schema | B32: faq-11 | C32: When is the next change freeze, and which systems does it cover? | D32: freeze_blackout | E32: freeze_blackout | F32: 0.95 | G32: =TRUE() -> TRUE | H32: =TRUE() -> TRUE | I32: 521 | J32: 49 | K32: 900 | L32: 0.000766
A33: schema | B33: faq-12 | C33: Are there any exceptions to the holiday blackout period for RAN software upgrades? | D33: freeze_blackout | E33: freeze_blackout | F33: 0.95 | G33: =TRUE() -> TRUE | H33: =TRUE() -> TRUE | I33: 524 | J33: 50 | K33: 941 | L33: 0.000774
... A41: schema | B41: faq-20 | C41: Do I need a rollback plan to get a standard change through CAB? | D41: rollback_backout | E41: rollback_backout | F41: 0.85 | G41: =TRUE() -> TRUE | H41: =TRUE() -> TRUE | I41: 523 | J41: 59 | K41: 1072 | L41: 0.000818

Sheet Findings
A1: What the numbers say
A3: Topic | B3: Finding
A4: Format guarantee | B4: Prompt-only mode returned valid JSON 1/20 times even though the system prompt said 'no code fences'; Haiku wrapped 19 answers in ```json fences. Schema mode: 20/20 valid.
A5: Hidden accuracy | B5: The prompt-mode classifications inside the fences were correct; the 5% is a parsing failure, not a reasoning failure.
A6: Cost of the guarantee | B6: Schema mode adds ~236 input tokens per call (the schema is included in the request): about +42% cost. Output tokens barely change.
A7: Latency | B7: First schema call was slowest (~1.9 s) while the API compiles the schema; it is cached for 24 hours. Later calls still ~260 ms slower than prompt mode.
A8: Caveat on 100% | B8: A perfect score on 20 Claude-written questions likely means the test set is too easy. All confidences were 0.85-1.00 and there were no misses, so the 0.7 routing threshold cannot be calibrated from this data yet.
A9: Next experiment | B9: Add 6 harder, real-world-phrased questions (faq-21 to faq-26): ambiguous between categories, vague, or incident-not-change. Rerun --mode schema and check whether misses carry lower confidence.
A10: Interview line | B10: Prompt-only JSON: 1/20 valid even with explicit instructions; schema-enforced: 20/20. Schemas make AI output safe to parse; evals tell you whether it's safe to trust.
